,radius_mean,texture_mean,perimeter_mean,area_mean,smoothness_mean,compactness_mean,concavity_mean,concave points_mean,symmetry_mean,fractal_dimension_mean
323,20.34,21.51,135.9,1264.0,0.117,0.1875,0.2565,0.1504,0.2569,0.0667
293,11.85,17.46,75.54,432.7,0.08372,0.05642,0.02688,0.0228,0.1875,0.05715
564,21.56,22.39,142.0,1479.0,0.111,0.1159,0.2439,0.1389,0.1726,0.05623
440,10.97,17.2,71.73,371.5,0.08915,0.1113,0.09457,0.03613,0.1489,0.0664
255,13.96,17.05,91.43,602.4,0.1096,0.1279,0.09789,0.05246,0.1908,0.0613
389,19.55,23.21,128.9,1174.0,0.101,0.1318,0.1856,0.1021,0.1989,0.05884
411,11.04,16.83,70.92,373.2,0.1077,0.07804,0.03046,0.0248,0.1714,0.0634
325,12.67,17.3,81.25,489.9,0.1028,0.07664,0.03193,0.02107,0.1707,0.05984
371,15.19,13.21,97.65,711.8,0.07963,0.06934,0.03393,0.02657,0.1721,0.05544
495,14.87,20.21,96.12,680.9,0.09587,0.08345,0.06824,0.04951,0.1487,0.05748
166,10.8,9.71,68.77,357.6,0.09594,0.05736,0.02531,0.01698,0.1381,0.064
548,9.683,19.34,61.05,285.7,0.08491,0.0503,0.02337,0.009615,0.158,0.06235
351,15.75,19.22,107.1,758.6,0.1243,0.2364,0.2914,0.1242,0.2375,0.07603
85,18.46,18.52,121.1,1075.0,0.09874,0.1053,0.1335,0.08795,0.2132,0.06022
346,12.06,18.9,76.66,445.3,0.08386,0.05794,0.00751,0.008488,0.1555,0.06048
191,12.77,21.41,82.02,507.4,0.08749,0.06601,0.03112,0.02864,0.1694,0.06287
76,13.53,10.94,87.91,559.2,0.1291,0.1047,0.06877,0.06556,0.2403,0.06641
116,8.95,15.76,58.74,245.2,0.09462,0.1243,0.09263,0.02308,0.1305,0.07163
157,16.84,19.46,108.4,880.2,0.07445,0.07223,0.0515,0.02771,0.1844,0.05268
108,22.27,19.67,152.8,1509.0,0.1326,0.2768,0.4264,0.1823,0.2556,0.07039
308,13.5,12.71,85.69,566.2,0.07376,0.03614,0.002758,0.004419,0.1365,0.05335
506,12.22,20.04,79.47,453.1,0.1096,0.1152,0.08175,0.02166,0.2124,0.06894
92,13.27,14.76,84.74,551.7,0.07355,0.05055,0.03261,0.02648,0.1386,0.05318
181,21.09,26.57,142.7,1311.0,0.1141,0.2832,0.2487,0.1496,0.2395,0.07398
420,11.57,19.04,74.2,409.7,0.08546,0.07722,0.05485,0.01428,0.2031,0.06267
189,12.3,15.9,78.83,463.7,0.0808,0.07253,0.03844,0.01654,0.1667,0.05474
235,14.03,21.25,89.79,603.4,0.0907,0.06945,0.01462,0.01896,0.1517,0.05835
162,19.59,18.15,130.7,1214.0,0.112,0.1666,0.2508,0.1286,0.2027,0.06082
211,11.84,18.94,75.51,428.0,0.08871,0.069,0.02669,0.01393,0.1533,0.06057
97,9.787,19.94,62.11,294.5,0.1024,0.05301,0.006829,0.007937,0.135,0.0689
555,10.29,27.61,65.67,321.4,0.0903,0.07658,0.05999,0.02738,0.1593,0.06127
554,12.88,28.92,82.5,514.3,0.08123,0.05824,0.06195,0.02343,0.1566,0.05708
559,11.51,23.93,74.52,403.5,0.09261,0.1021,0.1112,0.04105,0.1388,0.0657
377,13.46,28.21,85.89,562.1,0.07517,0.04726,0.01271,0.01117,0.1421,0.05763
233,20.51,27.81,134.4,1319.0,0.09159,0.1074,0.1554,0.0834,0.1448,0.05592
326,14.11,12.88,90.03,616.5,0.09309,0.05306,0.01765,0.02733,0.1373,0.057
122,24.25,20.2,166.2,1761.0,0.1447,0.2867,0.4268,0.2012,0.2655,0.06877
540,11.54,14.44,74.65,402.9,0.09984,0.112,0.06737,0.02594,0.1818,0.06782
313,11.54,10.72,73.73,409.1,0.08597,0.05969,0.01367,0.008907,0.1833,0.061
56,19.21,18.57,125.5,1152.0,0.1053,0.1267,0.1323,0.08994,0.1917,0.05961
551,11.13,22.44,71.49,378.4,0.09566,0.08194,0.04824,0.02257,0.203,0.06552
309,13.05,13.84,82.71,530.6,0.08352,0.03735,0.004559,0.008829,0.1453,0.05518
427,10.8,21.98,68.79,359.9,0.08801,0.05743,0.03614,0.01404,0.2016,0.05977
63,9.173,13.86,59.2,260.9,0.07721,0.08751,0.05988,0.0218,0.2341,0.06963
433,18.82,21.97,123.7,1110.0,0.1018,0.1389,0.1594,0.08744,0.1943,0.06132
463,11.6,18.36,73.88,412.7,0.08508,0.05855,0.03367,0.01777,0.1516,0.05859
217,10.2,17.48,65.05,321.2,0.08054,0.05907,0.05774,0.01071,0.1964,0.06315
163,12.34,22.22,79.85,464.5,0.1012,0.1015,0.0537,0.02822,0.1551,0.06761
445,11.99,24.89,77.61,441.3,0.103,0.09218,0.05441,0.04274,0.182,0.0685
41,10.95,21.35,71.9,371.1,0.1227,0.1218,0.1044,0.05669,0.1895,0.0687
494,13.16,20.54,84.06,538.7,0.07335,0.05275,0.018,0.01256,0.1713,0.05888
341,9.606,16.84,61.64,280.5,0.08481,0.09228,0.08422,0.02292,0.2036,0.07125
415,11.89,21.17,76.39,433.8,0.09773,0.0812,0.02555,0.02179,0.2019,0.0629
489,16.69,20.2,107.1,857.6,0.07497,0.07112,0.03649,0.02307,0.1846,0.05325
310,11.7,19.11,74.33,418.7,0.08814,0.05253,0.01583,0.01148,0.1936,0.06128
182,15.7,20.31,101.2,766.6,0.09597,0.08799,0.06593,0.05189,0.1618,0.05549
203,13.81,23.75,91.56,597.8,0.1323,0.1768,0.1558,0.09176,0.2251,0.07421
65,14.78,23.94,97.4,668.3,0.1172,0.1479,0.1267,0.09029,0.1953,0.06654
19,13.54,14.36,87.46,566.3,0.09779,0.08129,0.06664,0.04781,0.1885,0.05766
502,12.54,16.32,81.25,476.3,0.1158,0.1085,0.05928,0.03279,0.1943,0.06612
530,11.75,17.56,75.89,422.9,0.1073,0.09713,0.05282,0.0444,0.1598,0.06677
520,9.295,13.9,59.96,257.8,0.1371,0.1225,0.03332,0.02421,0.2197,0.07696
253,17.3,17.08,113.0,928.2,0.1008,0.1041,0.1266,0.08353,0.1813,0.05613
25,17.14,16.4,116.0,912.7,0.1186,0.2276,0.2229,0.1401,0.304,0.07413
185,10.08,15.11,63.76,317.5,0.09267,0.04695,0.001597,0.002404,0.1703,0.06048
392,15.49,19.97,102.4,744.7,0.116,0.1562,0.1891,0.09113,0.1929,0.06744
262,17.29,22.13,114.4,947.8,0.08999,0.1273,0.09697,0.07507,0.2108,0.05464
207,17.01,20.26,109.7,904.3,0.08772,0.07304,0.0695,0.0539,0.2026,0.05223
499,20.59,21.24,137.8,1320.0,0.1085,0.1644,0.2188,0.1121,0.1848,0.06222
339,23.51,24.27,155.1,1747.0,0.1069,0.1283,0.2308,0.141,0.1797,0.05506
156,17.68,20.74,117.4,963.7,0.1115,0.1665,0.1855,0.1054,0.1971,0.06166
528,13.94,13.17,90.31,594.2,0.1248,0.09755,0.101,0.06615,0.1976,0.06457
212,28.11,18.47,188.5,2499.0,0.1142,0.1516,0.3201,0.1595,0.1648,0.05525
333,11.25,14.78,71.38,390.0,0.08306,0.04458,0.0009737,0.002941,0.1773,0.06081
46,8.196,16.84,51.71,201.9,0.086,0.05943,0.01588,0.005917,0.1769,0.06503
8,13.0,21.82,87.5,519.8,0.1273,0.1932,0.1859,0.09353,0.235,0.07389
362,12.76,18.84,81.87,496.6,0.09676,0.07952,0.02688,0.01781,0.1759,0.06183
10,16.02,23.24,102.7,797.8,0.08206,0.06669,0.03299,0.03323,0.1528,0.05697
538,7.729,25.49,47.98,178.8,0.08098,0.04878,0.0,0.0,0.187,0.07285
434,14.86,16.94,94.89,673.7,0.08924,0.07074,0.03346,0.02877,0.1573,0.05703
35,16.74,21.59,110.1,869.5,0.0961,0.1336,0.1348,0.06018,0.1896,0.05656
405,10.94,18.59,70.39,370.0,0.1004,0.0746,0.04944,0.02932,0.1486,0.06615
176,9.904,18.06,64.6,302.4,0.09699,0.1294,0.1307,0.03716,0.1669,0.08116
550,10.86,21.48,68.51,360.5,0.07431,0.04227,0.0,0.0,0.1661,0.05948
508,16.3,15.7,104.7,819.8,0.09427,0.06712,0.05526,0.04563,0.1711,0.05657
254,19.45,19.33,126.5,1169.0,0.1035,0.1188,0.1379,0.08591,0.1776,0.05647
355,12.56,19.07,81.92,485.8,0.0876,0.1038,0.103,0.04391,0.1533,0.06184
24,16.65,21.38,110.0,904.6,0.1121,0.1457,0.1525,0.0917,0.1995,0.0633
160,11.75,20.18,76.1,419.8,0.1089,0.1141,0.06843,0.03738,0.1993,0.06453
1,20.57,17.77,132.9,1326.0,0.08474,0.07864,0.0869,0.07017,0.1812,0.05667
442,13.78,15.79,88.37,585.9,0.08817,0.06718,0.01055,0.009937,0.1405,0.05848
229,12.83,22.33,85.26,503.2,0.1088,0.1799,0.1695,0.06861,0.2123,0.07254
168,17.47,24.68,116.1,984.6,0.1049,0.1603,0.2159,0.1043,0.1538,0.06365
566,16.6,28.08,108.3,858.1,0.08455,0.1023,0.09251,0.05302,0.159,0.05648
472,14.92,14.93,96.45,686.9,0.08098,0.08549,0.05539,0.03221,0.1687,0.05669
232,11.22,33.81,70.79,386.8,0.0778,0.03574,0.004967,0.006434,0.1845,0.05828
143,12.9,15.92,83.74,512.2,0.08677,0.09509,0.04894,0.03088,0.1778,0.06235
483,13.7,17.64,87.76,571.1,0.0995,0.07957,0.04548,0.0316,0.1732,0.06088
79,12.86,18.0,83.19,506.3,0.09934,0.09546,0.03889,0.02315,0.1718,0.05997
273,9.742,15.67,61.5,289.9,0.09037,0.04689,0.01103,0.01407,0.2081,0.06312
20,13.08,15.71,85.63,520.0,0.1075,0.127,0.04568,0.0311,0.1967,0.06811
142,11.43,17.31,73.66,398.0,0.1092,0.09486,0.02031,0.01861,0.1645,0.06562
359,9.436,18.32,59.82,278.6,0.1009,0.05956,0.0271,0.01406,0.1506,0.06959
251,11.5,18.45,73.28,407.4,0.09345,0.05991,0.02638,0.02069,0.1834,0.05934
429,12.72,17.67,80.98,501.3,0.07896,0.04522,0.01402,0.01835,0.1459,0.05544
225,14.34,13.47,92.51,641.2,0.09906,0.07624,0.05724,0.04603,0.2075,0.05448
518,12.88,18.22,84.45,493.1,0.1218,0.1661,0.04825,0.05303,0.1709,0.07253
300,19.53,18.9,129.5,1217.0,0.115,0.1642,0.2197,0.1062,0.1792,0.06552
388,11.27,15.5,73.38,392.0,0.08365,0.1114,0.1007,0.02757,0.181,0.07252
6,18.25,19.98,119.6,1040.0,0.09463,0.109,0.1127,0.074,0.1794,0.05742
74,12.31,16.52,79.19,470.9,0.09172,0.06829,0.03372,0.02272,0.172,0.05914
314,8.597,18.6,54.09,221.2,0.1074,0.05847,0.0,0.0,0.2163,0.07359
557,9.423,27.88,59.26,271.3,0.08123,0.04971,0.0,0.0,0.1742,0.06059
96,12.18,17.84,77.79,451.1,0.1045,0.07057,0.0249,0.02941,0.19,0.06635
447,14.8,17.66,95.88,674.8,0.09179,0.0889,0.04069,0.0226,0.1893,0.05886
153,11.15,13.08,70.87,381.9,0.09754,0.05113,0.01982,0.01786,0.183,0.06105
125,13.85,17.21,88.44,588.7,0.08785,0.06136,0.0142,0.01141,0.1614,0.0589
406,16.14,14.86,104.3,800.0,0.09495,0.08501,0.055,0.04528,0.1735,0.05875
558,14.59,22.68,96.39,657.1,0.08473,0.133,0.1029,0.03736,0.1454,0.06147
67,11.31,19.04,71.8,394.1,0.08139,0.04701,0.03709,0.0223,0.1516,0.05667
52,11.94,18.24,75.71,437.6,0.08261,0.04751,0.01972,0.01349,0.1868,0.0611
352,25.73,17.46,174.2,2010.0,0.1149,0.2363,0.3368,0.1913,0.1956,0.06121
257,15.32,17.27,103.2,713.3,0.1335,0.2284,0.2448,0.1242,0.2398,0.07596
196,13.77,22.29,90.63,588.9,0.12,0.1267,0.1385,0.06526,0.1834,0.06877
563,20.92,25.09,143.0,1347.0,0.1099,0.2236,0.3174,0.1474,0.2149,0.06879
72,17.2,24.52,114.2,929.4,0.1071,0.183,0.1692,0.07944,0.1927,0.06487
112,14.26,19.65,97.83,629.9,0.07837,0.2233,0.3003,0.07798,0.1704,0.07769
348,11.47,16.03,73.02,402.7,0.09076,0.05886,0.02587,0.02322,0.1634,0.06372
287,12.89,13.12,81.89,515.9,0.06955,0.03729,0.0226,0.01171,0.1337,0.05581
338,10.05,17.53,64.41,310.8,0.1007,0.07326,0.02511,0.01775,0.189,0.06331
263,15.61,19.38,100.0,758.6,0.0784,0.05616,0.04209,0.02847,0.1547,0.05443
44,13.17,21.81,85.42,531.5,0.09714,0.1047,0.08259,0.05252,0.1746,0.06177
374,13.69,16.07,87.84,579.1,0.08302,0.06374,0.02556,0.02031,0.1872,0.05669
368,21.71,17.25,140.9,1546.0,0.09384,0.08562,0.1168,0.08465,0.1717,0.05054
448,14.53,19.34,94.25,659.7,0.08388,0.078,0.08817,0.02925,0.1473,0.05746
11,15.78,17.89,103.6,781.0,0.0971,0.1292,0.09954,0.06606,0.1842,0.06082
424,9.742,19.12,61.93,289.7,0.1075,0.08333,0.008934,0.01967,0.2538,0.07029
271,11.29,13.04,72.23,388.0,0.09834,0.07608,0.03265,0.02755,0.1769,0.0627
493,12.46,12.83,78.83,477.3,0.07372,0.04043,0.007173,0.01149,0.1613,0.06013
199,14.45,20.22,94.49,642.7,0.09872,0.1206,0.118,0.0598,0.195,0.06466
391,8.734,16.84,55.27,234.3,0.1039,0.07428,0.0,0.0,0.1985,0.07098
172,15.46,11.89,102.5,736.9,0.1257,0.1555,0.2032,0.1097,0.1966,0.07069
149,13.74,17.91,88.12,585.0,0.07944,0.06376,0.02881,0.01329,0.1473,0.0558
